id,"name","description"
1,"Turning Over a New Leaf","Stay under your budget for the first time."
2,"Start The Party","Add your first friend."
3,"Bring The Whole Gang","Add 5 friends."
4,"Going Strong","Stay in 1st place on the overall leaderboard for 2 periods."
5,"Staying Strong","Stay in 1st place on the overall leaderboard for 5 periods."
6,"Marathon","Maintain a streak for 5 periods."
7,"Upper Crust","Stay in the top 10% of the overall leaderboard for 5 periods."
8,"Winner, Winner...","Overtake someone on the overall leaderboard who was in 1st place for 2 periods."
