categoryId,userId,"originalName","displayName"
1,1,"DIY & FURNITURE","SHOPPING"
2,1,"MISCELLANEOUS","MISCELLANEOUS"
3,1,"CAR SERVICING","TRAVEL"
4,1,"DIGITAL CONTENT","LEISURE"
5,1,"BOOK SHOP","SHOPPING"
6,1,"INSURANCE","BILLS"
7,1,"PARKING","TRAVEL"
8,1,"CAR FUEL","TRAVEL"
9,1,"SUBSCRIPTION","BILLS"
10,1,"TICKETS","LEISURE"
11,1,"PUBLIC TRANSPORT","TRAVEL"
12,1,"COMPUTER GAMES","LEISURE"
13,1,"CASH","CASH"
14,1,"CAMERA AND PHOTOGRAPHS","SHOPPING"
15,1,"JEWELLERS","SHOPPING"
16,1,"FERRIES","TRAVEL"
17,1,"TAX","BILLS"
18,1,"CAR RENTAL","TRAVEL"
19,1,"CARAVANS","TRAVEL"
20,1,"HAIR AND BEAUTY","HEALTH"
21,1,"LAWYERS","BILLS"
22,1,"DOMAIN NAMES","BILLS"
23,1,"SPORTSWEAR","SHOPPING"
24,1,"UNKNOWN","MISCELLANEOUS"
25,1,"PAWN BROKER","MISCELLANEOUS"
26,1,"PETS","SHOPPING"
27,1,"COMPUTERS AND WHITE GOODS","SHOPPING"
28,1,"FINANCE-MISC","MISCELLANEOUS"
29,1,"HOTEL","TRAVEL"
30,1,"FOR-EX","MISCELLANEOUS"
31,1,"SWEETS","GROCERIES"
32,1,"CLUBS","LEISURE"
33,1,"OPTICIAN","HEALTH"
34,1,"BETTING","LEISURE"
35,1,"MUSIC","LEISURE"
36,1,"EDUCATION","MISCELLANEOUS"
37,1,"PHARMACY","HEALTH"
38,1,"TELECOMMS","BILLS"
39,1,"WHOLESALE","SHOPPING"
40,1,"COBBLERS","SHOPPING"
41,1,"AIRLINES","TRAVEL"
42,1,"TAXIS","TRAVEL"
43,1,"FINES","BILLS"
44,1,"CHARITY","MISCELLANEOUS"
45,1,"TV","BILLS"
46,1,"RESTAURANT","EATING OUT"
47,1,"ATTRACTIONS","LEISURE"
48,1,"PROPERTY RENTAL","TRAVEL"
49,1,"INTERNET SHOPPING","SHOPPING"
50,1,"DEPARTMENT STORE","SHOPPING"
51,1,"DENTAL CARE","HEALTH"
52,1,"SUPERMARKETS","GROCERIES"
53,1,"POST","MISCELLANEOUS"
54,1,"VARIETY SHOPS","SHOPPING"
55,1,"HOLIDAY","TRAVEL"
56,1,"OFF-LICENSE","SHOPPING"
57,1,"CLOTHING","SHOPPING"
58,1,"STATIONERS","SHOPPING"
59,1,"BICYCLE","TRAVEL"
60,1,"TOY SHOP","SHOPPING"
61,1,"UTILITIES","BILLS"
