userId,"firstName","lastName","email","password","period",periodStart,highScore,streak,"newPeriod"
1,"George","McCarron","hello@georgemccarron.com","$2a$10$TyTSdQSxr44wEOatwvFUXuw2rw4bV.z8ZCBna9vmq//VUlbZKcw4m","MONTH",1,67,0,"MONTH"
2,"Raigo","Jerva","raigo","$2a$10$HeBfK2bEQpZ8rpx.vTpHLeC/T0Ypxl7RtX4NZjkkzZDVRxiC3PpOy","MONTH",1,82,0,"MONTH"
3,"Nicole","Simms","nicole","$2a$10$6mC6opJ/KawAAlR5ZiMljuEathLr70.t0lVStYKZ4B0ZtSrpH0j8S","WEEK",0,49,0,"WEEK"
4,"Tom","Price","tom","$2a$10$Nq1muSndnca9rKl.NdgNwuH3fJv8kPsSJDzQz7srKAB47tvPux1Um","WEEK",6,91,0,"WEEK"
5,"Sarah","Al Zadjali","sarah","$2a$10$Fzor0EnAD4KlkJXubl4Pvumf9XEY1aPpa4e0nlqfIElQJtdJ6GsZm","MONTH",1,55,0,"MONTH"
6,"Julian","Kubelec","julian","$2a$10$82QnsWGmwSw9hzZ41zqxWuQIIb0o9CpRRsGkIFXdb55hYDWJrsIR2","WEEK",6,58,0,"WEEK"
7,"Aleen","Penning","apenning4@mapquest.com",NULL,"MONTH",31,0,0,"MONTH"
8,"Lacey","Hellcat","lhellcat5@hc360.com",NULL,"WEEK",1,0,0,"WEEK"
9,"Ynez","Andreas","yandreas6@angelfire.com",NULL,"MONTH",1,0,0,"MONTH"
10,"Gerty","Heinle","gheinle7@drupal.org",NULL,"MONTH",1,0,0,"MONTH"
11,"Fredrick","Vigietti","fvigietti8@cbc.ca",NULL,"MONTH",1,0,0,"MONTH"
12,"Twila","Aberkirder","taberkirder9@yelp.com",NULL,"MONTH",1,0,0,"MONTH"
13,"Kippy","Leadbitter","kleadbittera@behance.net",NULL,"WEEK",1,0,0,"WEEK"
14,"Joseph","Dudderidge","jdudderidgeb@joomla.org",NULL,"WEEK",1,0,0,"WEEK"
15,"Lilyan","Clarkson","lclarksonc@rambler.ru",NULL,"MONTH",1,0,0,"MONTH"
16,"Jaclin","Billborough","jbillboroughd@soundcloud.com",NULL,"WEEK",1,0,0,"WEEK"
17,"Shaina","Tranter","strantere@mysql.com",NULL,"MONTH",1,0,0,"MONTH"
18,"Harvey","Maton","hmatonf@dailymail.co.uk",NULL,"WEEK",1,0,0,"WEEK"
19,"Hebert","Truran","htrurang@kickstarter.com",NULL,"WEEK",1,0,0,"WEEK"
20,"Shadow","Stanyard","sstanyardh@jiathis.com",NULL,"WEEK",1,0,0,"WEEK"
21,"Adams","Bestwick","abestwicki@cnbc.com",NULL,"MONTH",1,0,0,"MONTH"
22,"Dom","Blundel","dblundelj@indiatimes.com",NULL,"WEEK",1,0,0,"WEEK"
23,"Harlan","Careless","hcarelessk@geocities.com",NULL,"MONTH",1,0,0,"MONTH"
24,"Wanids","Cannavan","wcannavanl@princeton.edu",NULL,"MONTH",1,0,0,"MONTH"
25,"Delphinia","Spicer","dspicerm@mediafire.com",NULL,"MONTH",1,0,0,"MONTH"
26,"Julie","Dightham","jdighthamn@fc2.com",NULL,"WEEK",1,0,0,"WEEK"
27,"Annadiane","Jacox","ajacoxo@prnewswire.com",NULL,"MONTH",1,0,0,"MONTH"
28,"Frederic","Ludgrove","fludgrovep@earthlink.net",NULL,"MONTH",1,0,0,"MONTH"
29,"Jimmie","Grumbridge","jgrumbridgeq@un.org",NULL,"MONTH",1,0,0,"MONTH"
30,"Angelika","Upham","auphamr@jigsy.com",NULL,"WEEK",1,0,0,"WEEK"
31,"Jemima","Blunderfield","jblunderfields@sciencedaily.com",NULL,"MONTH",1,0,0,"MONTH"
32,"Lil","Giannoni","lgiannonit@alibaba.com",NULL,"WEEK",1,0,0,"WEEK"
33,"Wally","Corrado","wcorradou@nih.gov",NULL,"WEEK",1,0,0,"WEEK"
34,"Lorne","Riddich","lriddichv@dailymotion.com",NULL,"WEEK",1,0,0,"WEEK"
35,"Aleta","Kirsz","akirszw@whitehouse.gov",NULL,"WEEK",1,0,0,"WEEK"
36,"Kin","Laverty","klavertyx@1und1.de",NULL,"WEEK",1,0,0,"WEEK"
37,"Sauveur","Matthessen","smatthesseny@posterous.com",NULL,"MONTH",1,0,0,"MONTH"
38,"Frayda","Kollasch","fkollaschz@studiopress.com",NULL,"WEEK",1,0,0,"WEEK"
39,"Kennie","Battey","kbattey10@jalbum.net",NULL,"MONTH",1,0,0,"MONTH"
40,"Ezequiel","McKimm","emckimm11@google.com.br",NULL,"MONTH",1,0,0,"MONTH"
41,"Carmine","Le land","cleland12@skype.com",NULL,"MONTH",1,0,0,"MONTH"
42,"Cammie","Da Costa","cdacosta13@github.io",NULL,"MONTH",1,0,0,"MONTH"
43,"Andy","Jurisch","ajurisch14@ucoz.com",NULL,"MONTH",1,0,0,"MONTH"
44,"Mavra","Mathan","mmathan15@cdc.gov",NULL,"MONTH",1,0,0,"MONTH"
45,"Malchy","Sadry","msadry16@pinterest.com",NULL,"WEEK",1,0,0,"WEEK"
46,"Marrissa","Lytlle","mlytlle17@friendfeed.com",NULL,"MONTH",1,0,0,"MONTH"
47,"Charisse","Ricardo","cricardo18@ocn.ne.jp",NULL,"WEEK",1,0,0,"WEEK"
48,"Kathleen","Eustice","keustice19@nih.gov",NULL,"MONTH",1,0,0,"MONTH"
49,"Carlynne","Laffin","claffin1a@sohu.com",NULL,"MONTH",1,0,0,"MONTH"
50,"Mariam","GiacobbiniJacob","mgiacobbinijacob1b@free.fr",NULL,"WEEK",1,0,0,"WEEK"
51,"Suzi","Mulbery","smulbery1c@cyberchimps.com",NULL,"WEEK",1,0,0,"WEEK"
52,"Cherise","Tidgewell","ctidgewell1d@netvibes.com",NULL,"MONTH",1,0,0,"MONTH"
